id,name,isActive,salary,gender
1,Eveline,false,741338146,FEMALE
2,Janeczka,false,125507578,FEMALE
3,Lay,true,827161693,FEMALE
4,Coral,true,647381822,FEMALE
5,Dita,true,228603929,MALE
6,Cordie,false,425043318,MALE
7,Vasily,false,363641006,MALE
8,Gussy,false,130871274,MALE
9,Marje,false,867250555,MALE
10,Dougie,true,589885496,FEMALE
11,Marci,true,563874226,FEMALE
12,Ade,false,677451297,MALE
13,Steffen,true,588375794,MALE
14,Ingaborg,true,781349927,FEMALE
15,Boigie,true,129698109,FEMALE
16,Orion,true,532984723,FEMALE
17,Valentia,false,324810038,MALE
18,Davidde,true,879539167,MALE
19,Clea,true,455548467,MALE
20,Sebastiano,false,202026617,FEMALE
21,Baxter,true,472048751,MALE
22,Huntington,true,872789339,FEMALE
23,Magda,false,859048306,MALE
24,Mikkel,false,429881048,MALE
25,Bell,false,819672375,FEMALE
26,Aloin,true,347350894,FEMALE
27,Angel,true,438160404,FEMALE
28,Milka,true,403361018,MALE
29,Erinna,true,315692808,MALE
30,Vinita,false,462924780,MALE
31,Manolo,false,826678931,FEMALE
32,Rozamond,true,502616105,MALE
33,Edgard,true,727662744,FEMALE
34,Greg,true,486533175,MALE
35,Reinald,false,355060602,FEMALE
36,Lew,true,339493222,MALE
37,Mayor,true,470259692,FEMALE
38,Brion,true,580852824,MALE
39,Bink,false,543425954,FEMALE
40,Jerry,true,219631163,MALE
41,Louise,false,430062560,FEMALE
42,Emerson,false,753157925,FEMALE
43,Stafani,false,200344139,MALE
44,Francesca,false,132056072,FEMALE
45,Addison,true,555473233,MALE
46,Wandie,false,484455987,MALE
47,Maitilde,true,235554101,MALE
48,Davidde,true,565217053,FEMALE
49,Korey,false,201983616,FEMALE
50,Elora,true,439010561,FEMALE
51,Aurelea,true,816191895,FEMALE
52,Winifield,true,728484414,MALE
53,Aldrich,false,306829657,FEMALE
54,Wiatt,false,252596666,FEMALE
55,Toddie,true,696742396,MALE
56,Derril,false,475033204,FEMALE
57,Pepi,true,681671638,FEMALE
58,Shana,false,745443903,FEMALE
59,Zelda,true,611073974,MALE
60,Augusta,false,894351621,FEMALE
61,Pepe,true,251816985,FEMALE
62,Jase,false,279824073,MALE
63,Lief,false,597690495,MALE
64,Dela,true,710170510,MALE
65,Thaxter,true,705743807,FEMALE
66,Cori,false,362409930,FEMALE
67,Tiphany,false,302188614,FEMALE
68,Cathi,false,650925517,MALE
69,Sauncho,false,348407518,FEMALE
70,Janeczka,false,469583137,MALE
71,Carita,false,822593209,MALE
72,Bidget,false,232517331,FEMALE
73,Alon,true,383291839,MALE
74,Olga,false,894707448,FEMALE
75,Arden,false,886231277,FEMALE
76,Hillier,false,195528541,MALE
77,Oran,false,625079795,MALE
78,Dewie,false,565913897,MALE
79,Sergei,false,765194030,FEMALE
80,Tabby,false,510984936,MALE
81,Kristo,true,576420408,MALE
82,Dalenna,true,541082719,MALE
83,Nydia,false,201655996,FEMALE
84,Wake,true,758197438,FEMALE
85,Glenine,false,253069319,FEMALE
86,Daffi,true,674082127,MALE
87,Barde,false,316769697,MALE
88,Anstice,true,385573968,MALE
89,Joana,false,140862730,MALE
90,Gilli,false,869871895,FEMALE
91,Grannie,true,555053176,MALE
92,Isis,false,225522168,FEMALE
93,Trueman,true,425093679,MALE
94,Maribelle,true,335119353,FEMALE
95,Jeno,false,841019063,FEMALE
96,Margi,false,418266608,MALE
97,Sandi,true,834213274,FEMALE
98,Burk,false,518487018,MALE
99,Udale,false,687013184,FEMALE
100,Heloise,false,141379864,FEMALE
101,Mirabelle,true,649386880,FEMALE
102,Angela,true,222654055,FEMALE
103,Prue,false,591067438,FEMALE
104,Gerianna,false,348254133,FEMALE
105,Trenton,true,445901023,FEMALE
106,Gwyn,true,393298022,MALE
107,Julia,true,855244389,MALE
108,Janel,true,757981192,FEMALE
109,Alex,true,806369248,FEMALE
110,Hedwiga,true,577951385,MALE
111,Hernando,true,639365623,MALE
112,Del,true,458315174,MALE
113,Jacques,true,185749705,FEMALE
114,Maisie,true,701352577,MALE
115,Tommi,false,430478067,MALE
116,Mal,true,570549224,FEMALE
117,Adelice,true,239534479,MALE
118,Giacinta,true,662421709,MALE
119,Prentiss,false,304218049,MALE
120,Lotty,true,173591427,FEMALE
121,Aurel,false,275176830,MALE
122,Brinn,true,516229292,FEMALE
123,Rafaelia,true,123560336,FEMALE
124,Chiquita,true,449250385,FEMALE
125,Rebekah,true,644427316,MALE
126,Meir,false,476141950,FEMALE
127,Kennie,false,198844686,FEMALE
128,Krystyna,true,473765828,MALE
129,Rey,true,166420060,MALE
130,Tierney,false,772038866,MALE
131,Coralie,true,689041330,FEMALE
132,Marti,false,853493713,FEMALE
133,Cathryn,false,207142370,FEMALE
134,Callie,false,122281023,MALE
135,Burty,false,128104655,FEMALE
136,Pascal,true,886318953,FEMALE
137,Way,false,393835762,MALE
138,Putnam,true,321232149,MALE
139,Nadiya,true,105045563,MALE
140,Cindelyn,true,825808233,FEMALE
141,Minerva,true,789371970,FEMALE
142,Haskell,true,508228571,MALE
143,Winnie,false,430480626,MALE
144,Josephina,false,683298234,MALE
145,Stanford,false,796278875,FEMALE
146,Kort,true,505850759,MALE
147,Prent,false,664598963,FEMALE
148,Maxim,false,802552546,MALE
149,Marthe,false,158602810,FEMALE
150,Theda,false,823232702,FEMALE
151,Benedick,true,509846063,MALE
152,Tybie,false,201154599,MALE
153,Kary,false,422200522,FEMALE
154,Ernesta,false,866752554,FEMALE
155,Maryjane,true,257801390,MALE
156,Jeffy,false,364899090,MALE
157,Husein,true,534665466,MALE
158,Balduin,false,184316677,MALE
159,Whitby,true,782022676,MALE
160,Carlynn,true,625924108,FEMALE
161,Grange,false,706982639,MALE
162,Phoebe,false,443332654,FEMALE
163,Stanley,true,682637426,MALE
164,Dru,false,287651375,FEMALE
165,Kurt,true,844447597,FEMALE
166,Marget,false,237505182,FEMALE
167,Leigh,false,295414718,FEMALE
168,Rad,true,823451890,FEMALE
169,Kissie,true,633937220,FEMALE
170,Ezri,false,463039480,MALE
171,Silvie,true,742438079,MALE
172,Katti,true,845718168,FEMALE
173,Lisha,false,337021931,MALE
174,Koral,false,752745159,MALE
175,Kilian,true,440193624,FEMALE
176,Jocelyne,false,572587709,MALE
177,Moyra,true,624559719,MALE
178,Giulia,false,183369524,FEMALE
179,Ethelbert,false,597390802,FEMALE
180,Tomlin,true,761673027,MALE
181,Noami,false,142056085,FEMALE
182,Leland,false,590473709,FEMALE
183,Codi,false,371997022,MALE
184,Kimberlyn,true,513796590,FEMALE
185,Dennie,false,727349789,MALE
186,Yorgo,true,608354704,FEMALE
187,Orsa,false,297125480,MALE
188,Nehemiah,true,780892939,FEMALE
189,Hanny,false,187681130,MALE
190,Alida,true,374083217,MALE
191,Dory,true,896571062,FEMALE
192,Haven,false,603126761,FEMALE
193,Maurice,true,492973785,FEMALE
194,Isidro,false,262427537,FEMALE
195,Morey,false,186635034,FEMALE
196,Letti,false,294661992,FEMALE
197,Davida,true,609071166,MALE
198,Mahmoud,true,794883103,MALE
199,Ferguson,false,110462025,MALE
200,Katuscha,false,675502566,MALE
201,Helsa,true,462179351,MALE
202,Risa,false,828214489,FEMALE
203,Jeremiah,true,214572609,FEMALE
204,Coletta,true,432525288,FEMALE
205,Minette,false,350016595,FEMALE
206,Lyndsie,false,285333112,MALE
207,Felice,false,277867937,MALE
208,Erroll,true,241889358,MALE
209,Eartha,true,866639028,MALE
210,Crysta,true,792032509,MALE
211,Ulberto,false,604912992,MALE
212,Othella,true,481908819,MALE
213,Poul,true,485644103,MALE
214,Siobhan,false,192409368,FEMALE
215,Will,false,191604919,MALE
216,Nonie,false,467984153,FEMALE
217,Judie,false,505211647,MALE
218,Casar,false,746461072,MALE
219,Chrystel,true,331248332,MALE
220,Maison,true,218850581,FEMALE
221,Ricki,true,473533569,MALE
222,Siffre,true,374465107,FEMALE
223,Rhett,true,408800088,FEMALE
224,Amalee,true,288781503,MALE
225,Roderick,true,180786495,MALE
226,Lanny,false,548831340,MALE
227,Gilly,false,206144949,FEMALE
228,Merell,true,882388222,MALE
229,Mallorie,true,209898664,MALE
230,Mycah,false,358591516,FEMALE
231,Arlyn,true,888617638,MALE
232,Gayel,false,833450295,FEMALE
233,Tomas,false,877424392,MALE
234,Welbie,true,142920029,MALE
235,Jarrid,true,316077806,MALE
236,Rayshell,false,835552175,FEMALE
237,Selle,true,583342125,FEMALE
238,Austen,false,708044190,FEMALE
239,Christyna,false,685785942,FEMALE
240,Maximilien,true,574095921,FEMALE
241,Karlene,false,658197016,MALE
242,Kynthia,true,276163430,MALE
243,Milena,true,457921518,FEMALE
244,Norrie,false,477481502,MALE
245,Cilka,true,824252932,MALE
246,Viviyan,false,193910478,MALE
247,Frances,false,773251546,FEMALE
248,Grange,true,608252642,FEMALE
249,Von,true,366131512,FEMALE
250,Frederica,true,244735548,MALE
251,Ulberto,false,893607885,FEMALE
252,Stavros,false,821642607,MALE
253,Jocelyne,false,697888612,MALE
254,Karim,true,852191520,MALE
255,Denny,false,283611356,FEMALE
256,Myer,false,725828846,FEMALE
257,David,false,781978182,FEMALE
258,Dorolice,true,552599602,FEMALE
259,Lilian,true,180928278,FEMALE
260,Alexis,false,417488447,MALE
261,Evyn,false,886848396,MALE
262,Hill,true,662017770,FEMALE
263,Marve,true,124727834,FEMALE
264,Natka,false,436036087,MALE
265,Barde,true,619575176,FEMALE
266,Michelle,true,454873054,MALE
267,Yardley,true,634365469,FEMALE
268,Bernice,true,882362469,FEMALE
269,Rossy,false,471011700,MALE
270,Doralynne,true,546984628,MALE
271,Shirlene,true,495546629,FEMALE
272,Mitch,false,303888194,MALE
273,Sammy,true,719979208,FEMALE
274,Jasmin,true,115644673,MALE
275,Arnold,true,316248151,FEMALE
276,Freda,false,455266573,MALE
277,Alphard,true,284628844,MALE
278,Melinda,true,724530487,MALE
279,Karleen,false,107458543,FEMALE
280,Dorelle,true,773936407,MALE
281,Melba,false,593898866,FEMALE
282,Talyah,false,751118148,MALE
283,Georgi,true,307758712,MALE
284,Carmine,false,237794630,FEMALE
285,Tracey,true,550991385,FEMALE
286,Tobit,false,164351424,MALE
287,Mollee,false,499591114,FEMALE
288,Tiphani,false,244303532,MALE
289,Thorin,false,583193361,MALE
290,Bradley,true,289815565,MALE
291,Cleon,true,739138354,FEMALE
292,Coop,false,659709079,FEMALE
293,Aggy,true,357961520,MALE
294,Noel,false,743954003,FEMALE
295,Regine,false,278431000,FEMALE
296,Fina,false,337398509,MALE
297,Kass,true,347188472,MALE
298,Hazel,true,884053519,MALE
299,Alex,false,576820169,FEMALE
300,Milli,true,558718429,MALE
301,Nickolas,true,888505793,MALE
302,Waverley,true,795541675,FEMALE
303,Cosme,true,711471095,FEMALE
304,Sharona,false,877904814,MALE
305,Gran,true,565038375,FEMALE
306,Ddene,false,729078399,MALE
307,Rickert,false,637602551,MALE
308,Willey,false,585367386,MALE
309,Dena,false,813899025,FEMALE
310,Lindsey,true,756781616,MALE
311,Suzann,false,325061774,MALE
312,Katrine,true,895041967,MALE
313,Ly,true,606700416,FEMALE
314,Angel,true,802792808,MALE
315,Harmonie,false,357690712,FEMALE
316,Adelle,true,560320893,MALE
317,Essie,false,703371367,MALE
318,Skipp,true,746735097,MALE
319,Chaunce,false,690202038,MALE
320,Axel,true,612010824,FEMALE
321,Hetty,false,547869038,FEMALE
322,Jereme,true,144208316,FEMALE
323,Rosalynd,false,496672375,FEMALE
324,Jim,true,483980833,MALE
325,Anya,false,165463870,FEMALE
326,Mercedes,false,302919373,MALE
327,Tammy,true,294315804,MALE
328,Alric,false,532537289,MALE
329,Isidoro,false,277468729,FEMALE
330,Kimble,false,491268716,MALE
331,Gerianne,false,774472646,MALE
332,Tymon,true,733080986,FEMALE
333,Cammie,true,228676074,MALE
334,Alfonse,true,199999009,FEMALE
335,Geoffrey,true,536279673,MALE
336,Dode,true,686775914,MALE
337,George,true,670256188,FEMALE
338,Blair,true,722709232,MALE
339,Winifield,true,566418924,MALE
340,Fin,false,106686015,FEMALE
341,Gisele,false,423534044,FEMALE
342,Kai,true,181034375,FEMALE
343,Isaiah,false,890710885,MALE
344,Romy,true,515871410,FEMALE
345,Rachel,true,788230997,FEMALE
346,Brendis,false,898295124,FEMALE
347,Shaine,true,611236708,FEMALE
348,Kile,true,468161322,MALE
349,Kathleen,true,521704614,MALE
350,Viva,true,609101160,FEMALE
351,Megan,true,884752464,FEMALE
352,Buddie,true,331268327,FEMALE
353,Nathalie,true,728484817,FEMALE
354,Riva,true,573877865,FEMALE
355,Joy,false,128380344,MALE
356,Sonia,true,236597978,FEMALE
357,Mil,false,877638139,FEMALE
358,Jeth,true,408129602,FEMALE
359,Florri,false,730323849,FEMALE
360,Reinaldo,false,124419076,FEMALE
361,Netti,false,132191537,FEMALE
362,Wilhelmina,true,665268484,MALE
363,Justinn,false,399691693,MALE
364,Tessy,true,349592062,MALE
365,Kiri,true,653828667,FEMALE
366,Rayner,false,657114442,FEMALE
367,D'arcy,false,470913849,MALE
368,Edwin,false,603143438,FEMALE
369,Kane,true,472957569,MALE
370,Sax,true,231861477,FEMALE
371,Dermot,false,479663258,FEMALE
372,Elsinore,true,835474680,MALE
373,Stacia,true,350772362,FEMALE
374,Aubert,false,461970454,FEMALE
375,Darb,true,402951715,MALE
376,Ferdinand,false,419664422,MALE
377,Shelba,false,123694663,MALE
378,Erastus,false,365809479,FEMALE
379,Madalyn,true,342039341,FEMALE
380,Sheila,true,720497931,FEMALE
381,Emelia,true,138475955,FEMALE
382,Elfie,true,144770769,FEMALE
383,Andros,false,401817306,MALE
384,Carolyne,true,623075728,FEMALE
385,Ebony,true,641989106,FEMALE
386,Issiah,false,627975022,MALE
387,Cort,false,706148970,FEMALE
388,Michaela,true,808129872,FEMALE
389,Olenolin,true,537038508,FEMALE
390,Alicea,true,167364924,MALE
391,Teodor,true,469479254,MALE
392,Andrea,true,311640554,FEMALE
393,Sarita,false,126427112,MALE
394,Bernhard,false,252837482,MALE
395,Seline,true,686254520,FEMALE
396,Kristian,false,698637112,MALE
397,Hobart,true,519914520,MALE
398,Garrard,true,567055863,MALE
399,Georgia,true,624718320,FEMALE
400,Quintilla,true,712219832,FEMALE
401,Husein,true,426010705,MALE
402,Sascha,true,502805543,FEMALE
403,Batsheva,false,617298821,FEMALE
404,Helsa,false,702714631,FEMALE
405,Perrine,true,598058097,FEMALE
406,Elroy,true,286110866,MALE
407,Karoly,false,899330649,MALE
408,Bernardo,false,703437672,FEMALE
409,Caralie,true,378958354,FEMALE
410,Branden,true,291653784,MALE
411,Lilias,false,676699087,MALE
412,Arleyne,true,407415805,MALE
413,Stanleigh,false,552017238,FEMALE
414,Quincy,false,560535992,FEMALE
415,Stephan,true,334936452,MALE
416,Arie,true,450368738,FEMALE
417,Elwin,true,844417210,MALE
418,Karalynn,false,203133011,MALE
419,Lilla,false,490863830,FEMALE
420,Ronald,true,812159874,MALE
421,Hansiain,false,789415049,MALE
422,Haskel,false,511938488,MALE
423,Raf,false,783333023,FEMALE
424,Elinore,true,441914625,FEMALE
425,Sheeree,false,689224750,MALE
426,Isak,true,599748642,FEMALE
427,Allix,false,639484158,FEMALE
428,Julie,false,561437065,MALE
429,Paulita,true,583796583,FEMALE
430,Markus,true,747891194,MALE
431,Giffer,true,182416337,MALE
432,Sabina,true,276051180,MALE
433,Marybelle,false,320847930,FEMALE
434,Ranique,true,609518723,MALE
435,Polly,true,264932208,MALE
436,Korney,false,899333887,FEMALE
437,Cynthie,false,416652082,MALE
438,Harmon,true,679166934,MALE
439,Standford,false,685885267,FEMALE
440,Nariko,false,221512246,MALE
441,Hertha,false,193600196,MALE
442,Eleanore,true,620046459,FEMALE
443,Jake,true,215253611,MALE
444,Morris,true,272855359,FEMALE
445,Christiana,true,163755197,FEMALE
446,Kalindi,true,576983563,MALE
447,Bibbie,true,168722959,FEMALE
448,Stevana,false,654695397,MALE
449,Meredith,true,506971221,MALE
450,Kimball,false,570098741,MALE
451,Gabrila,true,811959284,FEMALE
452,Lucas,false,703794701,MALE
453,Lauree,true,487629242,MALE
454,Bella,true,691553727,FEMALE
455,Sophey,true,752694125,FEMALE
456,Douglas,false,624997112,FEMALE
457,Loralyn,true,767669619,MALE
458,Derrick,false,332578603,MALE
459,Jemima,false,601026278,MALE
460,Enoch,false,518894979,FEMALE
461,Vlad,true,855999277,FEMALE
462,Pacorro,true,507272433,MALE
463,Rosie,true,388035499,FEMALE
464,Marilyn,false,365246095,FEMALE
465,Piper,false,540986922,FEMALE
466,Verne,false,143883779,FEMALE
467,Alie,true,435888679,FEMALE
468,Randolf,true,237645532,FEMALE
469,Cissiee,true,804930207,FEMALE
470,Leisha,false,593398818,FEMALE
471,Carey,false,366571398,FEMALE
472,Lilllie,false,291417000,MALE
473,Darya,true,597698859,MALE
474,Leda,true,549857240,FEMALE
475,Carine,true,870540323,FEMALE
476,Leta,true,778737568,MALE
477,Carmela,false,868292776,FEMALE
478,Hettie,false,531031819,FEMALE
479,Zachary,true,609766543,FEMALE
480,Gabie,true,330827623,MALE
481,Waiter,true,312524771,FEMALE
482,Geoffrey,true,832346244,MALE
483,Cordey,true,377427351,MALE
484,Lyell,true,354294989,MALE
485,Jeth,true,806666647,FEMALE
486,Lettie,true,482205274,MALE
487,Theodoric,true,776292037,MALE
488,Timoteo,false,505185616,FEMALE
489,Karlik,false,219436725,MALE
490,Fields,true,429393436,FEMALE
491,Verney,false,504762775,MALE
492,Miltie,false,557071793,MALE
493,Carver,true,707068617,MALE
494,Dilly,true,430765697,FEMALE
495,Hollie,false,751490587,MALE
496,Hilarius,true,400479286,FEMALE
497,Olvan,false,4798094189565,FEMALE
498,Wash,true,873863860,MALE
499,Arielle,false,197610818,FEMALE
500,Ripley,true,726139726,MALE
501,Clio,true,824290372,FEMALE
502,Tomi,true,874547696,FEMALE
503,Fanni,false,674596713,FEMALE
504,Alvina,true,286769956,MALE
505,Merrick,true,877597029,FEMALE
506,Peterus,false,891522600,FEMALE
507,Vasili,false,674899368,MALE
508,Theobald,true,136060548,MALE
509,Cathleen,false,34978,FEMALE
510,Wilma,false,471740252,MALE
511,Marni,false,888332668,FEMALE
512,Mathilde,true,701266719,MALE
513,Shalne,false,145639250,MALE
514,Colin,false,650764690,MALE
515,Allie,true,461678158,MALE
516,Julie,false,899342478,FEMALE
517,Julissa,true,379470769,MALE
518,Ursula,true,634547156,MALE
519,Afton,false,758306330,FEMALE
520,Sascha,true,878391861,FEMALE
521,Ulberto,true,117876464,MALE
522,Marj,true,602814000,FEMALE
523,Sonny,false,194053989,MALE
524,Pepe,false,624113285,MALE
525,Etti,true,163760295,FEMALE
526,Graham,false,617118102,FEMALE
527,Roobbie,true,335965326,FEMALE
528,Neils,true,756036905,MALE
529,De witt,false,896858728,MALE
530,Aarika,false,760538916,FEMALE
531,Lowell,false,461012158,FEMALE
532,Athene,true,202189669,MALE
533,Anissa,true,178941697,MALE
534,Gillie,true,648424885,MALE
535,Ursula,false,325284923,FEMALE
536,Nicolina,false,305061743,MALE
537,Ailey,false,255958519,FEMALE
538,Georgianne,true,487149486,FEMALE
539,Duane,false,834353606,MALE
540,Wesley,false,251102545,FEMALE
541,Brandon,false,261274911,MALE
542,Candi,false,652067929,FEMALE
543,Erhart,false,115528611,MALE
544,Quintana,false,877515902,MALE
545,Brandon,true,435542264,MALE
546,Chrisse,true,149763939,FEMALE
547,Monti,true,139744842,FEMALE
548,Tuck,true,236847656,MALE
549,Lexie,false,867965998,FEMALE
550,Mona,true,456699613,MALE
551,Avivah,false,275789622,MALE
552,Christie,false,294351144,FEMALE
553,Heywood,true,627180683,FEMALE
554,Kaye,true,811285661,FEMALE
555,Marlo,true,102587643,MALE
556,Gabrielle,true,421514662,FEMALE
557,Blanche,true,512897648,FEMALE
558,Brnaby,true,827806602,FEMALE
559,Ramona,false,754353780,MALE
560,Cassie,false,297713400,MALE
561,Winslow,true,380471390,FEMALE
562,Kelsi,false,390582847,MALE
563,Elka,false,789452934,MALE
564,Lyndsie,true,283535546,MALE
565,Royce,false,142479920,MALE
566,Hughie,true,113236152,FEMALE
567,Edik,false,160669185,MALE
568,Imogene,false,345572700,MALE
569,Scotti,false,452567686,FEMALE
570,Petey,false,247312770,FEMALE
571,Neely,true,535781748,MALE
572,Gale,false,318361241,MALE
573,Goldy,false,131482887,MALE
574,Jenifer,true,633955083,FEMALE
575,Christel,false,455045823,MALE
576,Briny,true,277180958,FEMALE
577,Worthington,false,133088068,MALE
578,Marinna,false,798407245,MALE
579,Lindsey,false,621705389,FEMALE
580,Marcella,true,491648993,MALE
581,Donella,true,717808717,FEMALE
582,Agnesse,false,678391847,FEMALE
583,Jacquette,true,853153902,MALE
584,Karry,true,300243115,MALE
585,Aylmer,true,771508864,FEMALE
586,Helen,false,156497896,MALE
587,Eleni,false,697122197,MALE
588,Tadio,true,193872895,FEMALE
589,Paulo,true,805717325,FEMALE
590,Shaun,false,827319945,MALE
591,Brand,false,629855769,FEMALE
592,Frayda,false,613261881,MALE
593,Gratiana,true,290571444,MALE
594,Armando,true,710559911,FEMALE
595,Erich,false,502833870,MALE
596,Hasty,false,253803406,FEMALE
597,Katheryn,false,628141139,MALE
598,Siobhan,false,399694028,MALE
599,Gerry,true,101837022,MALE
600,Launce,true,570341561,MALE
601,Gloriane,false,887571621,MALE
602,Angelita,true,109567721,FEMALE
603,Karissa,true,409842994,MALE
604,Sergei,true,131358287,MALE
605,Rodolfo,true,509729206,MALE
606,Adorne,false,143202968,FEMALE
607,Brandtr,false,567316213,FEMALE
608,Othilia,false,857330812,FEMALE
609,Piggy,false,474891356,MALE
610,Garwood,false,429172727,FEMALE
611,Jazmin,false,266506612,FEMALE
612,Llewellyn,true,698574086,MALE
613,Jamey,true,818673907,MALE
614,Toni,false,750818838,MALE
615,Gabbie,false,700873080,FEMALE
616,Riley,true,282589495,FEMALE
617,Mame,false,518330227,MALE
618,Shermie,true,171424316,FEMALE
619,Tally,true,700742084,FEMALE
620,Elissa,true,848949586,MALE
621,Delores,false,165902491,FEMALE
622,Leon,false,381906606,FEMALE
623,Alanah,false,304092627,FEMALE
624,Kathie,false,456488149,MALE
625,Allyce,false,886340462,FEMALE
626,Gustave,true,732475226,FEMALE
627,Conchita,true,696672957,FEMALE
628,Quincy,true,874172563,FEMALE
629,Muriel,true,897371402,FEMALE
630,Georgeanna,true,680881000,MALE
631,Gloriana,true,121563705,MALE
632,Neale,false,479298408,FEMALE
633,Kizzee,true,177973363,MALE
634,Frazier,false,469594592,FEMALE
635,Nikita,false,204658060,FEMALE
636,Robbyn,true,416307650,MALE
637,Roxana,false,800955637,MALE
638,Tobey,false,885180107,MALE
639,Cyndy,true,639493487,MALE
640,Rollo,false,460716746,FEMALE
641,Chaddie,false,252378625,FEMALE
642,Saul,false,476363554,FEMALE
643,Valry,false,751759745,FEMALE
644,Dorette,false,366231622,FEMALE
645,Gustavus,false,836888998,FEMALE
646,Ody,false,314539412,FEMALE
647,Alanson,false,329089426,FEMALE
648,Domenico,false,579776790,MALE
649,Babara,false,521942740,FEMALE
650,Tisha,true,865487982,FEMALE
651,Vinson,false,859581091,MALE
652,Wade,false,362308482,FEMALE
653,Sax,true,117272046,FEMALE
654,Brade,false,750020573,FEMALE
655,Gib,false,187065362,FEMALE
656,Keith,true,394087742,MALE
657,Ode,true,641605706,MALE
658,Corrine,true,475273994,MALE
659,Liv,false,245181741,FEMALE
660,Brice,false,508257774,MALE
661,Kevan,false,182080343,FEMALE
662,Vinson,true,755661851,MALE
663,Faith,false,311806843,FEMALE
664,Lisle,false,799339394,MALE
665,Kelley,false,504524676,FEMALE
666,Katalin,true,379166831,FEMALE
667,Marthena,true,326843776,MALE
668,Suellen,false,733163465,MALE
669,Marty,true,837729255,FEMALE
670,Hope,true,296180958,MALE
671,Christyna,true,528991439,FEMALE
672,Jennifer,true,144173408,MALE
673,Ramsey,true,759870724,MALE
674,Angie,true,785311190,FEMALE
675,Colby,false,520291659,MALE
676,Winna,true,407624040,FEMALE
677,Shannon,false,436702187,MALE
678,Griswold,true,857157718,MALE
679,Carlie,false,251548188,FEMALE
680,Perry,true,825060694,FEMALE
681,Leta,false,243331738,FEMALE
682,Shay,true,170609636,MALE
683,Gillie,false,365307209,MALE
684,Antonio,false,226386390,FEMALE
685,Wallie,true,500180878,MALE
686,Tatiana,true,214303239,FEMALE
687,Lila,false,842819098,FEMALE
688,Nikolaus,true,829594652,FEMALE
689,Andre,false,675895443,FEMALE
690,Hillary,true,506712501,MALE
691,Dorelle,true,158583389,MALE
692,Dee dee,true,392701090,MALE
693,Judith,true,894738083,FEMALE
694,Larina,false,234997682,MALE
695,Shannon,false,776833309,FEMALE
696,Delia,false,614618089,FEMALE
697,Torey,true,641695633,FEMALE
698,Trenna,false,311073176,FEMALE
699,Marven,true,450617669,MALE
700,Pinchas,false,755757496,FEMALE
701,Cris,false,519482624,MALE
702,Grace,false,320177359,FEMALE
703,Rene,true,712247052,MALE
704,Skylar,false,431709510,MALE
705,Feodor,true,364783431,FEMALE
706,Robinet,false,861778874,MALE
707,Heath,false,208534567,MALE
708,Muffin,true,457036080,FEMALE
709,Wynn,true,674697887,MALE
710,Dulciana,false,270228348,FEMALE
711,Annemarie,false,258968288,FEMALE
712,Hendrick,true,423233840,MALE
713,Cirstoforo,true,167899196,FEMALE
714,Wendie,true,476418057,FEMALE
715,Joel,true,842455314,FEMALE
716,Oralia,true,186075338,FEMALE
717,Carey,true,833614565,FEMALE
718,Waylon,false,868278484,FEMALE
719,Jorrie,false,764018244,FEMALE
720,Myrna,true,896882585,FEMALE
721,Karla,false,696848864,FEMALE
722,Lorelle,false,398125217,MALE
723,Dorree,true,350220613,MALE
724,Nedi,true,522856804,MALE
725,Gary,false,449933998,MALE
726,Maury,false,438093070,FEMALE
727,Elsie,false,454780887,MALE
728,Katerine,false,693489103,FEMALE
729,Sayers,true,592132841,FEMALE
730,Gaile,true,675713938,MALE
731,Sileas,false,496143985,FEMALE
732,Leroi,false,442705175,FEMALE
733,Ezra,true,578590916,FEMALE
734,Shem,false,725540725,MALE
735,Meridith,true,390106920,MALE
736,Nina,true,565056353,FEMALE
737,Fernanda,false,415257974,FEMALE
738,Bibi,false,123281617,MALE
739,Minetta,false,323031597,FEMALE
740,Reynolds,true,714876777,MALE
741,Chaunce,true,730997134,MALE
742,Garnette,false,296735553,MALE
743,Bernette,false,519547336,MALE
744,Hedvige,false,632955980,FEMALE
745,Westbrooke,false,885805034,FEMALE
746,Gipsy,false,693905915,MALE
747,Dinah,false,580528117,FEMALE
748,Werner,false,898258111,FEMALE
749,Rafaelita,false,342548040,FEMALE
750,Felic,true,769596922,FEMALE
751,Greta,false,622090165,MALE
752,Pammy,true,422875383,MALE
753,Luise,true,589519263,MALE
754,Rosalie,true,581467750,FEMALE
755,Edeline,false,765242972,FEMALE
756,Lorrayne,false,548669043,FEMALE
757,Gamaliel,true,415904709,MALE
758,Edwina,true,331447561,FEMALE
759,Ezri,true,429755754,MALE
760,Meggi,true,812594059,MALE
761,Tana,false,379622302,MALE
762,Shurlocke,true,511225972,MALE
763,Orsola,false,362027243,FEMALE
764,Valina,true,398679377,MALE
765,Daphna,false,787630185,MALE
766,Benedetto,true,816553937,FEMALE
767,Malinda,false,339596566,FEMALE
768,Gisele,true,610528180,MALE
769,Linnet,true,750125234,MALE
770,Seumas,true,553262151,FEMALE
771,Abbye,true,745247152,FEMALE
772,Claretta,false,618151119,FEMALE
773,Cari,true,213729058,MALE
774,Lizbeth,true,857129463,FEMALE
775,Pepi,false,278970599,FEMALE
776,Clemence,true,546251872,MALE
777,Weidar,true,190725071,FEMALE
778,Alfred,false,687435863,FEMALE
779,Buddy,false,765363181,MALE
780,Tudor,true,412589254,MALE
781,Glendon,true,823960838,FEMALE
782,Barclay,true,389128630,FEMALE
783,Borg,false,436044407,FEMALE
784,Teirtza,true,792506929,FEMALE
785,Cherilynn,true,143275784,FEMALE
786,Abey,true,824988288,FEMALE
787,Cristabel,false,244972878,FEMALE
788,Tonye,false,623903169,FEMALE
789,Fitzgerald,true,239128176,MALE
790,Kev,true,253460446,MALE
791,Guss,true,594282578,MALE
792,Paolo,false,877940389,FEMALE
793,Sibley,false,887484256,FEMALE
794,Allie,true,452486667,MALE
795,Tanya,false,694276868,MALE
796,Kevon,false,358930503,FEMALE
797,Sherm,true,483388011,MALE
798,Ashlin,false,661494317,MALE
799,Mable,false,792538408,MALE
800,Gleda,false,330257116,MALE
801,Selina,true,569800727,MALE
802,Dermot,true,526280226,MALE
803,Sheppard,true,599650140,MALE
804,Benjamen,false,321393551,FEMALE
805,Kalinda,true,360562557,FEMALE
806,Ira,true,788657723,FEMALE
807,Francklin,false,504548349,MALE
808,Hartley,true,310012443,FEMALE
809,Jillane,false,619452339,FEMALE
810,Alli,true,222708109,FEMALE
811,Krysta,true,113863243,MALE
812,Karl,false,812691303,MALE
813,Veda,false,672070379,FEMALE
814,Annamarie,true,815803713,FEMALE
815,Teddie,true,647779227,MALE
816,Quinta,false,581468312,MALE
817,Ebenezer,true,842173229,MALE
818,Yancey,true,849329051,MALE
819,Jacquelynn,true,698537568,FEMALE
820,Garrik,false,665062395,FEMALE
821,Vivienne,true,749992112,FEMALE
822,Brnaba,true,624091381,MALE
823,Nahum,true,664606070,FEMALE
824,Erie,true,493125145,FEMALE
825,Gare,false,408311897,MALE
826,Benedetto,true,664656084,FEMALE
827,Chiquia,false,469882008,FEMALE
828,Barton,false,699690261,FEMALE
829,Chris,false,826118613,MALE
830,Stearne,true,878901118,FEMALE
831,Lorilee,false,789053290,MALE
832,Udall,true,600074637,MALE
833,Hammad,true,730947883,FEMALE
834,Eimile,false,610534880,FEMALE
835,Salem,false,802394228,FEMALE
836,Leigh,false,834956438,FEMALE
837,Wallie,true,379766908,MALE
838,Melina,false,518936625,FEMALE
839,Leigh,true,210479593,FEMALE
840,Nicolette,false,460301836,FEMALE
841,Krishnah,false,312135573,FEMALE
842,Emelita,true,385791463,MALE
843,Waverly,true,206971285,FEMALE
844,Bevon,true,754358157,FEMALE
845,Kingsley,true,126842321,MALE
846,Queenie,false,854695073,FEMALE
847,Gannie,true,837325791,FEMALE
848,Teriann,true,496187406,MALE
849,Shanna,false,743386356,FEMALE
850,Mab,false,238946792,MALE
851,Clarinda,true,242278451,MALE
852,Nanice,false,867149879,FEMALE
853,Collie,false,107134073,MALE
854,Nat,true,264454903,MALE
855,Morgana,true,751480537,FEMALE
856,Kilian,false,382070488,MALE
857,Chicky,false,724223835,FEMALE
858,Basilio,true,634080246,FEMALE
859,Munmro,true,294287723,FEMALE
860,Neale,true,646762405,MALE
861,Derek,true,561703912,MALE
862,Giorgio,true,498369396,MALE
863,Sibley,true,141884853,FEMALE
864,Domeniga,false,295110371,FEMALE
865,Gonzalo,false,694743612,MALE
866,Alejandro,true,241408301,MALE
867,Jennifer,true,820739571,MALE
868,Adrian,false,822019777,MALE
869,Doug,false,784444785,FEMALE
870,Kelly,false,421082329,FEMALE
871,Lesley,true,332856825,FEMALE
872,Lea,true,621532770,FEMALE
873,Rhonda,true,652016672,FEMALE
874,Pippy,true,265361789,FEMALE
875,Shel,true,671100223,FEMALE
876,Jocelyne,true,543617024,MALE
877,Irwin,true,760353960,MALE
878,Raye,true,144138223,FEMALE
879,Chrisy,false,453956643,FEMALE
880,Ronnie,false,432920370,FEMALE
881,Nanci,false,268310607,FEMALE
882,Layla,false,879803625,MALE
883,Vittorio,true,215714199,MALE
884,Siward,true,809771223,FEMALE
885,Raquela,false,677675534,MALE
886,Raymund,false,358779352,MALE
887,Lynett,true,443965337,FEMALE
888,Maridel,false,737268700,FEMALE
889,Delmor,false,163942935,FEMALE
890,Coletta,true,295991424,MALE
891,Darbee,true,163697894,MALE
892,Dall,false,826461080,FEMALE
893,Bastian,true,361185357,MALE
894,Noell,false,141140342,FEMALE
895,Northrop,false,234829129,FEMALE
896,Edward,true,753496090,MALE
897,Farrel,false,244444335,FEMALE
898,Kirsten,false,161843880,FEMALE
899,Emerson,true,326492215,MALE
900,Katha,false,149634768,MALE
901,Hasheem,true,895674367,MALE
902,Carr,true,479093673,FEMALE
903,Timmi,true,328288761,MALE
904,Jolynn,true,436906646,MALE
905,Ange,false,284699729,MALE
906,Patin,false,365244407,FEMALE
907,Godwin,true,748754607,FEMALE
908,Theressa,false,816896421,MALE
909,Eve,false,732642428,FEMALE
910,Abba,true,870484840,FEMALE
911,Druci,true,389608762,MALE
912,Kurt,false,196495263,MALE
913,Percy,false,446045209,MALE
914,Artus,false,807097938,MALE
915,Bart,true,696612321,MALE
916,Swen,false,582527586,FEMALE
917,Amalia,false,462152753,FEMALE
918,Moina,false,868638545,MALE
919,Ferne,true,129620590,MALE
920,Halette,false,883682602,MALE
921,Clement,true,366825581,FEMALE
922,Claudina,true,314990720,FEMALE
923,Melanie,false,739139810,FEMALE
924,Antonetta,true,665310270,FEMALE
925,Si,false,373090232,FEMALE
926,Carmencita,false,270858757,FEMALE
927,Donielle,true,806398258,FEMALE
928,Helyn,true,493143617,FEMALE
929,Karlan,false,775196318,MALE
930,Niel,true,612087102,FEMALE
931,Lynnette,true,254839440,FEMALE
932,Adi,false,850672674,FEMALE
933,Honor,false,374616333,MALE
934,Asa,false,638484990,MALE
935,Benjamin,false,464691074,MALE
936,Eleanore,false,114960860,FEMALE
937,Bird,false,173853008,MALE
938,Tiff,false,815778671,FEMALE
939,Ardra,false,570208785,FEMALE
940,Beau,true,173204721,MALE
941,Myrtice,false,404898185,MALE
942,Brena,true,506855740,MALE
943,Malorie,false,121772231,MALE
944,Hyman,true,388021146,MALE
945,Brenna,false,555740860,FEMALE
946,Catie,false,646863804,MALE
947,Chanda,true,870409324,MALE
948,Minnnie,true,277876585,MALE
949,Artur,true,450268791,FEMALE
950,Ange,false,836968693,FEMALE
951,Ole,true,790897270,FEMALE
952,Fara,false,713607407,FEMALE
953,Nicolette,false,572743350,MALE
954,Emera,false,193736405,FEMALE
955,Eugenie,false,582606433,MALE
956,Robinette,true,189450337,MALE
957,Bartlett,false,553944534,FEMALE
958,Kellie,false,790437547,MALE
959,Angie,true,483569102,FEMALE
960,Gerhardine,false,646534298,MALE
961,Donetta,true,356830348,MALE
962,Nerty,true,382527119,MALE
963,Deborah,false,449498689,FEMALE
964,Karisa,false,106515919,MALE
965,Consalve,true,817564186,FEMALE
966,Gerty,true,558805341,MALE
967,Midge,false,766777113,MALE
968,Egbert,true,648756084,FEMALE
969,Marcile,true,329381492,MALE
970,Sibylla,false,827895285,MALE
971,Svend,false,249816531,FEMALE
972,Stirling,true,889588388,FEMALE
973,Muffin,false,688142833,FEMALE
974,Sarine,false,850012357,MALE
975,Leupold,false,482809762,FEMALE
976,Luigi,true,849341297,FEMALE
977,Georgeanne,false,692602602,FEMALE
978,Valentia,false,612621984,MALE
979,Glad,true,761558279,MALE
980,Lester,false,549501408,FEMALE
981,Mikaela,false,390201806,FEMALE
982,Ezri,true,551636917,MALE
983,Gina,false,317776799,MALE
984,North,true,765911370,MALE
985,Glenna,true,718135688,MALE
986,Bailie,false,884883918,FEMALE
987,Ethyl,true,190942594,MALE
988,Stevie,false,156549118,MALE
989,Lon,false,693613741,MALE
990,West,true,735425731,FEMALE
991,Lauralee,true,548354178,FEMALE
992,Devina,true,627372486,MALE
993,Heather,true,852060971,FEMALE
994,Filmer,false,804584531,MALE
995,Austen,true,749646643,MALE
996,Micheline,true,281464273,MALE
997,Jabez,true,771761048,FEMALE
998,Celestyn,true,835455503,MALE
999,Fin,false,224650218,MALE
1000,Cristin,false,712051062,MALE
1001,Kamala,true,712051062,FEMALE